feature,importance
number_inpatient,0.196
prior_visits_total,0.1663
discharge_grp=Home,0.0692
discharge_grp=Facility/Transfer,0.0652
time_in_hospital,0.0457
num_medications,0.043
num_lab_procedures,0.0389
number_diagnoses,0.0376
age_mid,0.0344
number_emergency,0.0308
number_outpatient,0.0205
num_procedures,0.0186
meds_active,0.0165
discharge_grp=Home with health service,0.0096
diag_group=Respiratory,0.0081
meds_changed,0.0079
insulin_status=No,0.0078
a1c_grp=Not tested,0.0074
diag_group=Circulatory,0.007
diag_group=Diabetes,0.007
admission_source_grp=Emergency Room,0.0062
diag_group=Musculoskeletal,0.006
insulin_status=Down,0.0059
specialty_grp=Other,0.0058
admission_source_grp=Referral,0.0057
gender=Male,0.0053
admission_type_grp=Emergency/Urgent,0.0052
specialty_grp=Cardiology,0.0052
admission_type_grp=Elective,0.0052
a1c_grp=>8,0.0051
diag_group=Genitourinary,0.0051
specialty_grp=Unknown,0.005
diag_group=Other,0.0049
diag_group=Injury,0.0049
gender=Female,0.0048
admission_type_grp=Other/Unknown,0.0047
a1c_grp=Normal,0.0047
specialty_grp=InternalMedicine,0.0046
diabetesMed=No,0.0046
discharge_grp=Other,0.0044
admission_source_grp=Transfer,0.0041
diag_group=Digestive,0.0039
glu_grp=Not tested,0.0038
diabetesMed=Yes,0.0037
specialty_grp=Family/GeneralPractice,0.0037
admission_source_grp=Other/Unknown,0.0036
insulin_status=Up,0.0036
insulin_status=Steady,0.0036
specialty_grp=Emergency/Trauma,0.0035
change=No,0.0033
specialty_grp=Surgery-General,0.0032
diag_group=Neoplasms,0.0032
a1c_grp=7-8,0.0031
change=Ch,0.003
specialty_grp=Nephrology,0.0028
glu_grp=Normal,0.0027
glu_grp=High,0.0026
specialty_grp=Orthopedics,0.0017
diag_group=Unknown,0.0001
