drug,status,count
insulin,Up,10987
metformin,Up,1063
rosiglitazone,Up,171
nateglinide,Steady,654
miglitol,Steady,31
glimepiride-pioglitazone,Steady,1
glipizide,Steady,11218
glimepiride,Up,322
tolbutamide,Steady,21
glyburide,Up,801
glyburide-metformin,Down,6
repaglinide,Down,43
metformin,Steady,18206
insulin,Steady,30069
rosiglitazone,Steady,6047
pioglitazone,Down,117
acarbose,Down,3
nateglinide,Up,24
troglitazone,Steady,3
miglitol,Up,2
metformin-pioglitazone,Steady,1
glipizide,Down,548
repaglinide,Steady,1368
tolazamide,Steady,38
chlorpropamide,Up,6
glyburide-metformin,Steady,684
glipizide-metformin,Steady,13
metformin-rosiglitazone,Steady,2
insulin,Down,11908
pioglitazone,Steady,6907
metformin,Down,574
rosiglitazone,Down,85
acarbose,Steady,292
glyburide,Down,560
glimepiride,Down,191
chlorpropamide,Steady,78
repaglinide,Up,107
glyburide-metformin,Up,8
tolazamide,Up,1
acetohexamide,Steady,1
pioglitazone,Up,230
acarbose,Up,10
nateglinide,Down,11
miglitol,Down,5
glimepiride,Steady,4609
glyburide,Steady,9162
glipizide,Up,764
chlorpropamide,Down,1
